,Tm,FantPos,Age,G,GS,Cmp_p,Att_p,Yds_p,TD_p,Int_p,Att_r,Yds_r,Y/A_r,TD_r,Tgt_c,Rec_c,Yds_c,Y/R_c,TD_c,Fmb_f,FL_f,TD_f,2PM,2PP,FantPt,PPR,DKPt,FDPt,VBD,PosRank,OvRank
Christian McCaffrey,CAR,RB,23,32,32,1,3,50,1,0,506,2485,9.84,22,266,223,1872,16.759999999999998,10,5,1,32,,,634.0,856.7,869.7,745.2,358.0,4,4.0
Lamar Jackson,BAL,QB,22,31,22,364,571,4328,42,9,323,1901,11.58,12,2,0,0,,0,21,6,12,,,574.0,573.2,600.2,582.2,,30,
Derrick Henry,TEN,RB,25,31,27,2,3,14,0,0,518,2599,10.01,28,42,33,305,18.04,2,6,4,30,,,463.0,496.0,509.0,479.5,187.0,15,33.0
Aaron Jones,GNB,RB,25,28,24,0,0,0,0,0,369,1812,10.059999999999999,24,103,75,680,17.59,4,4,3,28,,,411.0,486.20000000000005,501.20000000000005,448.70000000000005,135.0,26,66.0
Ezekiel Elliott,DAL,RB,24,31,31,0,0,0,0,0,605,2791,9.23,18,166,131,987,15.14,5,9,3,23,,,510.0,640.8,655.8,575.3,234.0,9,12.0
Dalvin Cook,MIN,RB,24,25,24,0,0,0,0,0,383,1750,9.16,15,112,93,824,17.419999999999998,2,6,4,17,,,351.0,444.4,460.4,397.9,,36,
Michael Thomas,NOR,WR,26,32,31,0,0,0,0,0,1,-9,,0,332,274,3130,22.82,18,3,2,18,,,417.0,690.1,698.1,553.1,171.0,9,26.0
Travis Kelce,KAN,TE,30,32,32,0,0,0,0,0,1,4,,1,286,200,2565,25.64,15,3,2,16,,,349.0,548.9000000000001,556.9000000000001,448.9,189.0,2,16.0
Nick Chubb,CLE,RB,24,32,25,0,0,0,0,0,490,2490,10.2,16,78,56,427,15.17,2,3,3,18,,,394.0,449.7,464.7,421.7,118.0,21,49.0
Austin Ekeler,LAC,RB,24,30,11,0,0,0,0,0,238,1111,9.45,6,161,131,1397,21.15,11,4,3,17,,,347.0,477.8,492.8,412.3,,34,
Mark Ingram,BAL,RB,30,27,21,0,0,0,0,0,340,1663,9.71,16,56,47,417,17.6,6,5,3,22,,,339.0,385.0,400.0,361.5,,36,
Dak Prescott,DAL,QB,26,32,32,744,1122,8787,52,19,127,582,9.4,9,1,0,0,,0,18,8,9,,2.0,624.0,623.7,662.7,642.7,77.0,12,81.0
Mark Andrews,BAL,TE,23,31,7,0,0,0,0,0,0,0,,0,148,98,1404,29.549999999999997,13,2,1,13,,,216.0,314.4,321.4,265.4,,18,
Russell Wilson,SEA,QB,31,32,32,621,943,7558,66,12,142,718,10.17,3,1,1,-11,,0,18,4,3,,2.0,627.0,628.0,656.0,639.5,81.0,12,72.0
Chris Godwin,TAM,WR,23,30,19,0,0,0,0,0,1,8,,0,216,145,2175,29.77,16,4,1,16,2.0,,316.0,461.3,468.3,388.79999999999995,71.0,27,78.0
George Kittle,SFO,TE,26,30,30,0,0,0,0,0,6,32,14.4,0,243,173,2430,28.04,10,1,0,10,,,309.0,481.2,487.2,394.7,149.0,5,31.0
Deshaun Watson,HOU,QB,24,31,31,678,1000,8017,52,21,181,964,10.61,12,1,1,6,,1,19,6,13,,,652.0,652.7,691.7,673.2,105.0,8,48.0
Chris Carson,SEA,RB,25,29,29,0,0,0,0,0,525,2381,9.08,16,71,57,429,15.34,2,10,6,18,,,377.0,434.0,452.0,405.5,101.0,23,55.0
Darren Waller,OAK,TE,27,20,16,0,0,0,0,0,3,26,23.5,0,123,96,1220,25.22,3,1,1,3,,,141.0,236.6,240.6,188.6,,83,
Kenny Golladay,DET,WR,26,31,29,0,0,0,0,0,1,8,,0,235,135,2253,33.5,16,2,1,16,,,320.0,455.1,462.1,387.6,75.0,24,74.0
Saquon Barkley,NYG,RB,22,29,29,0,0,0,0,0,478,2310,9.629999999999999,17,194,143,1159,16.34,6,1,0,23,,,487.0,629.9,641.9,558.4,211.0,12,23.0
Zach Ertz,PHI,TE,29,31,31,0,0,0,0,0,0,0,,0,291,204,2079,20.439999999999998,14,2,1,14,,,292.0,495.9,502.9,393.9,132.0,8,39.0
Joe Mixon,CIN,RB,23,30,28,0,0,0,0,0,515,2305,9.02,13,100,78,583,15.079999999999998,4,0,0,17,,,390.0,468.8,480.8,429.8,115.0,20,47.0
Todd Gurley,LAR,RB,25,29,29,0,0,0,0,0,479,2108,8.73,29,130,90,787,16.509999999999998,6,4,3,35,4.0,,501.0,591.5,606.5,546.5,226.0,13,25.0
Jared Cook,NOR,TE,32,30,21,0,0,0,0,0,0,0,,0,166,111,1601,29.58,15,0,0,15,,,251.0,361.1,367.1,305.6,91.0,11,64.0
Cooper Kupp,LAR,WR,26,24,22,0,1,0,0,0,6,29,8.25,0,189,134,1727,26.5,16,3,0,16,,,272.0,405.6,411.6,338.6,,51,
Julio Jones,ATL,WR,30,31,31,0,0,0,0,0,4,9,4.5,0,327,212,3071,28.92,14,3,2,14,,,388.0,600.0,608.0,494.0,143.0,10,39.0
DeVante Parker,MIA,WR,26,27,21,0,0,0,0,0,0,0,,0,175,96,1511,29.57,10,0,0,10,,,211.0,307.09999999999997,313.09999999999997,259.09999999999997,,113,
Leonard Fournette,JAX,RB,24,23,23,0,0,0,0,0,398,1591,7.6499999999999995,8,126,98,707,15.280000000000001,1,1,1,9,,,281.0,379.79999999999995,392.79999999999995,330.8,,50,
Jameis Winston,TAM,QB,25,27,25,624,1004,8101,52,44,108,531,9.97,2,0,0,0,,0,19,8,2,,,501.0,501.2,565.2,545.2,,27,
Austin Hooper,ATL,TE,25,29,17,0,0,0,0,0,0,0,,0,185,146,1447,19.79,10,0,0,10,2.0,,209.0,354.7,360.7,281.7,49.0,14,95.0
Amari Cooper,DAL,WR,25,31,31,0,0,0,0,0,3,26,16.0,0,226,154,2194,28.450000000000003,15,2,2,15,,,309.0,462.0,470.0,385.0,62.0,26,83.0
Mike Evans,TAM,WR,26,29,29,0,0,0,0,0,0,0,,0,256,153,2681,34.989999999999995,16,2,1,17,,,364.0,523.0999999999999,530.0999999999999,446.6,119.0,14,49.0
DeAndre Hopkins,HOU,WR,27,31,31,1,3,6,1,1,3,11,2.0,0,313,219,2737,24.869999999999997,18,2,2,18,,,384.0,602.0,611.0,493.5,137.0,14,46.0
Keenan Allen,LAC,WR,27,32,30,0,0,0,0,0,12,91,13.66,0,285,201,2395,23.86,12,3,1,12,,,321.0,521.6,528.6,421.1,75.0,25,72.0
Allen Robinson,CHI,WR,26,29,27,0,0,0,0,0,2,11,11.0,0,248,153,1901,25.41,11,1,1,11,,,255.0,408.20000000000005,415.2,331.7,,53,
Julian Edelman,NWE,WR,33,28,25,4,4,90,1,0,17,134,15.27,0,261,174,1967,22.66,12,4,1,12,,,289.0,463.70000000000005,473.70000000000005,376.70000000000005,44.0,36,97.0
Alvin Kamara,NOR,RB,24,29,22,1,1,13,0,0,365,1680,9.21,19,202,162,1242,15.33,5,5,1,24,,,441.0,602.7,615.7,521.7,165.0,20,45.0
Marlon Mack,IND,RB,23,26,22,0,0,0,0,0,442,1999,9.08,17,43,31,185,11.92,1,2,2,18,3.0,,328.0,359.4,370.4,343.9,53.0,36,91.0
Jarvis Landry,CLE,WR,27,32,30,1,2,63,0,0,4,70,30.0,1,287,164,2150,26.19,10,1,1,11,,,290.0,454.5,461.5,372.5,45.0,36,98.0
Josh Allen,BUF,QB,23,28,27,440,781,5163,30,21,198,1141,11.77,17,1,0,0,,0,22,6,17,,3.0,497.0,496.70000000000005,535.7,517.7,,27,
Tyler Lockett,SEA,WR,27,32,30,0,0,0,0,0,17,64,4.06,0,180,139,2022,29.82,18,3,0,18,,,318.0,457.6,463.6,388.1,73.0,26,77.0
DJ Chark,JAX,WR,23,26,14,0,0,0,0,0,2,20,,0,150,87,1182,26.240000000000002,8,1,1,8,,,168.0,255.20000000000002,262.2,211.70000000000002,,168,
Kenyan Drake,2TM,RB,25,30,17,0,0,0,0,0,290,1352,9.27,12,141,103,822,15.9,5,4,2,17,,,317.0,420.4,434.4,368.9,42.0,39,103.0
Patrick Mahomes,KAN,QB,24,30,30,702,1064,9128,76,17,103,490,9.600000000000001,4,0,0,0,,0,12,4,4,,,704.0,704.1,737.1,721.1,157.0,8,53.0
Phillip Lindsay,DEN,RB,25,31,24,0,0,0,0,0,416,2048,9.91,16,95,70,437,12.489999999999998,1,0,0,17,,,351.0,420.5,432.5,385.5,74.0,31,78.0
Courtland Sutton,DEN,WR,24,32,23,1,1,38,0,0,4,16,4.67,0,208,114,1816,32.2,10,2,0,10,,,244.0,358.70000000000005,364.70000000000005,301.7,,65,
Stefon Diggs,MIN,WR,26,30,29,0,1,0,0,0,15,123,18.4,0,243,165,2151,27.950000000000003,15,4,3,15,,,313.0,478.4,487.4,395.9,68.0,30,85.0
John Brown,BUF,WR,29,31,30,1,1,28,1,0,5,11,4.83,0,212,114,1775,31.740000000000002,11,0,0,11,,,250.0,363.70000000000005,369.70000000000005,306.70000000000005,,58,
Hunter Henry,LAC,TE,25,12,12,0,0,0,0,0,0,0,,0,76,55,652,,5,1,1,5,,,,,,,,139,
Michael Gallup,DAL,WR,23,30,20,0,0,0,0,0,0,0,,0,181,99,1614,32.129999999999995,8,0,0,8,,,212.0,310.4,316.4,260.9,,96,
Aaron Rodgers,GNB,QB,36,32,32,725,1166,8444,51,6,89,452,10.24,3,0,0,0,,0,10,7,3,2.0,4.0,591.0,591.0,616.0,597.0,45.0,15,99.0
Tyler Higbee,LAR,TE,26,31,31,0,0,0,0,0,0,0,,0,123,93,1026,22.810000000000002,5,1,0,5,,,132.0,225.60000000000002,231.60000000000002,179.10000000000002,,41,
D.J. Moore,CAR,WR,22,31,25,0,0,0,0,0,19,212,19.9,0,217,142,1963,27.84,6,6,4,6,,,246.0,387.5,400.5,316.5,,59,
Robert Woods,LAR,WR,27,31,31,0,0,0,0,0,36,272,15.02,2,269,176,2353,26.77,8,0,0,10,,,323.0,498.5,510.5,410.5,77.0,32,84.0
Carson Wentz,PHI,QB,27,27,27,667,1008,7113,48,14,96,336,6.66,1,1,1,4,,0,25,13,1,,3.0,469.0,469.59999999999997,505.59999999999997,483.09999999999997,,33,
Raheem Mostert,SFO,RB,27,25,0,0,0,0,0,0,171,1033,13.32,9,29,20,205,17.03,2,3,3,11,,,184.0,203.79999999999998,215.79999999999998,193.79999999999998,,101,
Dallas Goedert,PHI,TE,24,31,17,0,0,0,0,0,0,0,,0,131,91,941,20.59,9,2,2,9,,,144.0,235.1,243.1,189.60000000000002,,30,
Mike Gesicki,MIA,TE,24,32,12,0,0,0,0,0,0,0,,0,121,73,772,20.36,5,2,2,5,,,103.0,176.2,184.2,139.7,,74,
Calvin Ridley,ATL,WR,25,29,15,0,0,0,0,0,8,61,21.5,0,185,127,1687,26.58,17,2,1,17,,,277.0,403.8,410.8,340.3,31.0,41,112.0
Tyler Boyd,CIN,WR,25,30,29,0,1,0,0,0,6,26,7.25,0,256,166,2074,25.15,12,2,2,12,,,278.0,444.0,452.0,361.0,33.0,42,112.0
Matt Ryan,ATL,QB,34,31,31,830,1224,9390,61,21,67,272,8.11,4,1,1,5,,1,19,10,5,,3.0,621.0,622.3,665.3,642.8,75.0,13,90.0
Marvin Jones,DET,WR,29,22,20,0,0,0,0,0,2,0,,0,153,97,1287,27.07,14,0,0,14,,,213.0,309.7,315.7,261.2,,83,
Carlos Hyde,HOU,RB,29,30,21,0,0,0,0,0,417,1641,7.6899999999999995,11,32,20,75,7.5,0,6,3,11,,,231.0,251.6,260.6,241.6,,67,
Tyreek Hill,KAN,WR,25,28,28,0,0,0,0,0,30,174,9.74,1,226,145,2339,31.83,19,0,0,21,,,377.0,522.3,531.3,449.8,132.0,29,79.0
Davante Adams,GNB,WR,27,27,27,0,0,0,0,0,0,0,,0,296,194,2383,24.5,18,2,1,18,2.0,,349.0,542.3,549.3,445.3,103.0,32,84.0
Sony Michel,NWE,RB,24,29,22,0,0,0,0,0,456,1843,8.14,13,31,19,144,14.969999999999999,0,3,2,13,,,273.0,291.7,299.7,282.2,,49,
Tom Brady,NWE,QB,42,32,32,748,1183,8412,53,19,49,69,2.83,5,1,1,6,,0,8,3,5,,,544.0,545.0,573.0,563.5,,26,
Michael Burton,WAS,,27,18,3,0,0,0,0,0,0,0,,0,2,1,6,,0,0,0,0,,,,,,,,152,
Jared Goff,LAR,QB,25,32,32,758,1187,9326,54,28,76,148,3.7199999999999998,4,0,0,0,,0,22,10,5,,,558.0,563.8,610.8,591.8,,20,
Jimmy Garoppolo,SFO,QB,28,19,19,382,565,4696,32,16,54,95,5.48,1,0,0,0,,0,14,5,1,,3.0,295.0,295.3,322.3,311.3,,54,
Derek Carr,OAK,QB,28,32,32,742,1066,8103,40,18,51,129,5.0,3,1,1,-9,,0,19,10,3,,,460.0,461.20000000000005,495.2,478.70000000000005,,34,
Kirk Cousins,MIN,QB,31,31,31,732,1050,7901,56,16,75,186,4.83,2,2,1,-1,,0,19,10,2,,4.0,526.0,527.5,562.5,543.0,,28,
Ryan Fitzpatrick,MIA,QB,37,23,20,475,748,5895,37,25,90,395,8.719999999999999,6,0,0,0,,0,13,3,6,,2.0,407.0,407.3,447.3,432.3,,45,
Philip Rivers,LAC,QB,38,32,32,737,1099,8923,55,32,30,36,2.81,0,0,0,0,,0,10,4,0,,6.0,521.0,520.5,562.5,552.5,,29,
Baker Mayfield,CLE,QB,24,30,29,627,1020,7552,49,35,67,272,8.4,3,1,0,0,,0,13,5,3,,2.0,469.0,469.29999999999995,521.3,504.29999999999995,,36,
Drew Brees,NOR,QB,40,26,26,645,867,6971,59,9,40,18,0.26999999999999996,5,1,1,1,,0,5,1,5,,,529.0,529.8,545.8,538.3,,29,
Ryan Tannehill,TEN,QB,31,23,21,377,560,4721,39,15,75,330,8.83,4,1,1,3,,1,11,7,5,,,366.0,367.2,401.2,381.7,,52,
Jacoby Brissett,IND,QB,27,19,15,274,451,2944,18,6,63,221,3.0700000000000003,4,1,1,2,,0,7,5,4,,,216.0,217.1,234.1,222.6,,95,
Andy Dalton,CIN,QB,32,24,24,540,893,6060,37,25,48,172,8.47,4,1,1,-4,,0,9,4,4,,,378.0,378.2,413.2,402.7,,51,
Mitchell Trubisky,CHI,QB,25,29,29,615,950,6361,41,22,116,614,10.21,5,0,0,0,,0,11,5,5,,5.0,466.0,465.8,504.8,487.8,,40,
Sam Darnold,NYJ,QB,22,26,26,512,855,5889,36,28,77,200,5.02,3,0,0,0,,0,16,5,3,,,357.0,357.6,399.6,385.6,,54,
Kyle Allen,CAR,QB,23,15,13,323,520,3588,19,16,37,125,7.109999999999999,3,0,0,0,,0,13,7,3,,,204.0,204.0,233.0,220.0,,75,
Matthew Stafford,DET,QB,31,24,24,554,846,6276,40,16,45,137,6.14,0,0,0,0,,0,11,7,0,,,379.0,378.79999999999995,407.79999999999995,394.79999999999995,,49,
Devonta Freeman,ATL,RB,27,16,16,0,0,0,0,0,198,724,8.43,2,77,64,433,11.55,4,3,2,6,,,148.0,211.7,219.7,179.7,,133,
Melvin Gordon,LAC,RB,26,24,23,0,0,0,0,0,337,1497,8.84,18,121,92,786,16.85,5,5,3,23,,,365.0,456.3,471.3,410.3,,31,
Ronald Jones,TAM,RB,22,25,9,0,0,0,0,0,195,768,6.12,7,49,38,342,14.68,0,3,2,7,,,149.0,187.0,195.0,168.0,,125,
Adrian Peterson,WAS,RB,34,31,31,0,0,0,0,0,462,1940,8.41,12,49,37,350,18.75,1,6,4,13,,,299.0,336.0,352.0,317.5,,44,
James White,NWE,RB,27,31,4,1,1,35,0,0,161,688,8.45,6,218,159,1396,17.590000000000003,12,1,1,18,,,318.0,476.8,489.8,397.29999999999995,,40,
Odell Beckham,CLE,WR,27,28,27,3,4,126,2,0,8,29,7.13,0,257,151,2087,27.65,10,3,2,10,,,280.0,431.6,439.6,356.1,,47,
Emmanuel Sanders,2TM,WR,32,29,28,2,2,63,2,0,4,53,,1,195,137,1737,25.4,9,1,0,10,,,251.0,388.5,394.5,320.0,,56,
Latavius Murray,NOR,RB,29,32,14,0,0,0,0,0,286,1215,8.49,11,69,56,376,13.32,1,0,0,12,,,233.0,289.1,301.1,261.1,,62,
Jamison Crowder,NYJ,WR,26,25,19,0,0,0,0,0,5,34,11.5,0,171,107,1221,24.060000000000002,8,0,0,8,,,174.0,280.5,286.5,227.0,,117,
Cole Beasley,BUF,WR,30,31,14,0,1,0,0,0,0,0,,0,193,132,1450,21.95,9,0,0,9,,,203.0,335.0,341.0,269.0,,88,
Curtis Samuel,CAR,WR,23,29,23,0,0,0,0,0,27,214,17.34,3,170,93,1121,24.28,11,1,1,14,,,216.0,308.5,318.5,262.0,,78,
Tevin Coleman,SFO,RB,26,30,25,0,0,0,0,0,304,1344,8.76,10,74,53,456,17.200000000000003,6,2,0,16,,,276.0,329.0,341.0,302.5,,50,
James Conner,PIT,RB,24,23,22,0,0,0,0,0,331,1437,8.530000000000001,16,109,89,748,16.419999999999998,4,5,3,20,,,337.0,425.5,440.5,381.0,,40,
Mike Williams,LAC,WR,25,31,20,0,0,0,0,0,8,30,6.0,1,156,92,1665,35.87,12,0,0,13,,,249.0,341.5,347.5,295.5,,57,
Damien Williams,KAN,RB,27,27,9,0,0,0,0,0,161,754,9.61,9,61,53,373,14.059999999999999,4,2,2,13,,,187.0,239.7,253.7,213.2,,85,
Robby Anderson,NYJ,WR,26,30,24,0,0,0,0,0,3,-4,0.0,0,190,102,1531,30.02,11,3,2,11,,,216.0,318.70000000000005,326.70000000000005,267.70000000000005,,74,
Chris Conley,JAX,WR,27,32,27,0,0,0,0,0,0,0,,0,142,79,1109,26.93,10,2,2,10,,,169.0,247.9,255.9,208.4,,120,
Duke Johnson,HOU,RB,26,32,4,0,0,0,0,0,123,611,9.97,2,124,91,839,18.450000000000003,6,2,1,8,,,195.0,286.0,299.0,240.5,,83,
Jamaal Williams,GNB,RB,24,30,10,0,0,0,0,0,228,924,8.129999999999999,4,86,66,463,14.27,5,0,0,9,,,194.0,260.70000000000005,272.70000000000005,227.7,,82,
David Johnson,ARI,RB,28,29,25,0,0,0,0,0,352,1285,7.3100000000000005,9,123,86,816,19.2,7,4,3,16,,,303.0,388.1,403.1,345.1,,47,
Case Keenum,WAS,QB,31,26,24,525,833,5597,29,20,35,105,4.91,3,0,0,0,,0,17,5,3,,,318.0,318.4,349.4,338.4,,50,
Golden Tate,NYG,WR,31,26,18,0,0,0,0,0,5,50,24.5,0,198,123,1471,24.54,10,4,1,10,,,212.0,335.1,342.1,273.6,,76,
Larry Fitzgerald,ARI,WR,36,32,32,1,1,32,1,0,0,0,,0,221,144,1538,21.36,10,1,1,10,,,219.0,363.1,370.1,291.1,,70,
Breshad Perriman,TAM,WR,26,24,6,0,0,0,0,0,6,18,8.5,0,94,52,985,39.17,8,0,0,8,,,148.0,200.3,206.3,174.3,,138,
Peyton Barber,TAM,RB,25,32,23,0,0,0,0,0,388,1341,6.77,11,53,36,207,11.79,2,2,2,13,,,231.0,266.8,277.8,248.8,,65,
Jordan Howard,PHI,RB,25,26,19,0,0,0,0,0,369,1460,8.15,15,40,30,214,14.15,1,2,1,16,,,261.0,291.4,301.4,276.4,,58,
Tyrell Williams,OAK,WR,27,30,22,0,0,0,0,0,2,15,,0,129,83,1304,31.43,11,2,0,11,,,198.0,280.9,286.9,239.39999999999998,,90,
Randall Cobb,DAL,WR,29,24,12,0,1,0,0,0,3,11,,0,144,93,1211,25.130000000000003,5,4,2,5,,,148.0,241.2,249.2,194.7,,139,
Christian Kirk,ARI,WR,23,25,20,0,0,0,0,0,13,128,20.97,0,176,111,1299,24.15,6,0,0,6,,,181.0,291.7,297.7,236.2,,103,
Royce Freeman,DEN,RB,23,30,8,0,0,0,0,0,262,1017,7.77,8,70,57,328,11.09,1,1,1,9,,,186.0,243.5,253.5,215.0,,87,
Zach Pascal,IND,WR,25,32,17,0,1,0,0,0,4,26,13.0,0,118,68,875,24.73,7,0,0,7,,,134.0,202.10000000000002,208.10000000000002,168.1,,150,
LeSean McCoy,KAN,RB,31,27,22,0,0,0,0,0,262,979,7.789999999999999,7,80,62,419,13.46,1,3,2,8,,,184.0,245.8,259.79999999999995,214.8,,81,
Dede Westbrook,JAX,WR,26,31,20,0,1,0,0,0,14,125,16.29,0,202,132,1377,20.86,8,4,2,9,,,205.0,336.2,344.2,270.2,,81,
Teddy Bridgewater,NOR,QB,27,14,6,147,219,1502,10,3,39,36,1.56,0,0,0,0,,0,1,0,0,,,97.0,97.7,103.7,100.7,,86,
James Washington,PIT,WR,23,29,16,0,0,0,0,0,0,0,,0,118,60,952,30.259999999999998,4,1,1,4,,,118.0,177.2,184.2,147.2,,176,
Sammy Watkins,KAN,WR,26,24,22,0,0,0,0,0,7,64,16.4,0,145,92,1192,25.92,6,3,1,6,,,162.0,253.6,260.6,207.6,,115,
Gus Edwards,BAL,RB,24,27,7,0,0,0,0,0,270,1429,10.59,4,9,9,65,16.43,0,2,1,4,,,174.0,182.39999999999998,189.39999999999998,177.89999999999998,,88,
DeAndre Washington,OAK,RB,26,26,3,0,0,0,0,0,138,502,7.41,3,42,37,301,17.11,0,1,1,3,,,96.0,133.3,143.3,114.80000000000001,,144,
Tarik Cohen,CHI,RB,24,32,18,1,1,1,1,0,163,657,7.8100000000000005,3,195,150,1181,15.98,8,10,3,11,,,248.0,397.8,412.8,322.8,,61,
Joe Flacco,DEN,QB,34,17,17,403,641,4287,18,11,31,65,4.04,0,0,0,0,,0,11,4,0,,,222.0,222.0,243.0,233.0,,66,
Will Fuller,HOU,WR,25,18,18,0,0,0,0,0,0,0,,0,116,81,1173,29.39,7,1,0,7,,,159.0,240.3,246.3,199.8,,118,
Marcus Mariota,TEN,QB,26,21,19,323,491,3731,18,10,88,486,10.96,2,1,1,21,,0,12,2,2,,,260.0,260.9,284.9,270.4,,57,
Sterling Shepard,NYG,WR,26,26,26,0,0,0,0,0,9,105,23.0,0,190,123,1448,23.32,7,1,0,7,2.0,,202.0,324.3,330.3,262.8,,83,
Matt Breida,SFO,RB,24,27,18,0,0,0,0,0,276,1437,10.39,4,53,46,381,15.99,3,3,2,7,,,220.0,265.8,279.8,242.8,,69,
Adam Thielen,MIN,WR,29,26,26,0,0,0,0,0,9,36,7.5,1,201,143,1791,26.08,15,1,1,16,,,278.0,421.70000000000005,428.70000000000005,350.20000000000005,,63,
Taysom Hill,NOR,QB,29,32,9,6,13,119,0,1,64,352,11.08,3,29,22,238,13.65,6,1,1,9,,,114.0,135.8,146.8,125.80000000000001,,79,
Frank Gore,BUF,RB,36,30,22,0,0,0,0,0,322,1321,8.24,2,32,25,224,18.02,1,1,0,3,,,173.0,197.5,209.5,185.0,,87,
T.Y. Hilton,IND,WR,30,24,24,0,0,0,0,0,0,0,,0,188,121,1771,27.840000000000003,11,0,0,11,,,243.0,364.1,370.1,303.6,,72,
Kenny Stills,HOU,WR,27,28,20,1,1,3,1,0,0,0,,0,119,77,1114,28.979999999999997,10,1,0,10,,,177.0,254.5,260.5,216.0,,103,
Danny Amendola,DET,WR,34,30,25,2,2,47,2,0,1,-2,,0,176,121,1253,20.689999999999998,2,2,0,2,,,147.0,268.0,274.0,207.5,,134,
Alshon Jeffery,PHI,WR,29,23,23,0,0,0,0,0,1,2,,1,165,108,1333,24.37,10,1,0,11,,,199.0,307.5,313.5,253.5,,85,
Brandin Cooks,LAR,WR,26,30,30,0,0,0,0,0,16,120,15.469999999999999,1,189,122,1787,28.93,7,1,0,8,,,239.0,360.7,366.7,299.7,,75,
Darren Fells,HOU,TE,33,32,25,0,0,0,0,0,0,0,,0,60,45,458,20.67,10,0,0,10,,,106.0,150.8,156.8,128.3,,56,
Anthony Miller,CHI,WR,25,31,11,1,1,8,0,0,7,25,3.33,0,139,85,1079,25.439999999999998,9,2,1,9,,,163.0,247.7,254.7,205.2,,115,
Kerryon Johnson,DET,RB,22,18,14,0,0,0,0,0,231,1044,9.0,6,54,42,340,19.36,2,2,2,8,,,182.0,224.4,238.4,203.4,,80,
Kyle Rudolph,MIN,TE,30,32,32,0,0,0,0,0,0,0,,0,130,103,1001,19.32,10,0,0,10,,,162.0,265.1,271.1,213.60000000000002,,23,
Rex Burkhead,NWE,RB,29,21,5,0,0,0,0,0,122,488,7.91,3,58,41,410,19.689999999999998,1,3,2,4,,,110.0,150.8,164.8,130.3,,128,
Nyheim Hines,IND,RB,23,32,6,0,0,0,0,0,137,513,7.52,4,139,107,745,14.02,2,2,1,8,,,172.0,278.8,291.8,225.3,,88,
Boston Scott,PHI,RB,24,13,2,0,0,0,0,0,61,245,,5,26,24,204,,0,4,1,5,,,,,,,,211,
Corey Davis,TEN,WR,24,31,27,0,0,0,0,0,6,55,,0,181,108,1492,27.69,6,2,0,6,,,191.0,298.7,304.7,244.7,,91,
Phillip Dorsett,NWE,WR,26,30,6,0,0,0,0,0,7,50,14.25,0,96,61,687,22.75,8,0,0,8,,,122.0,182.7,188.7,152.2,,154,
Greg Olsen,CAR,TE,34,23,23,0,0,0,0,0,0,0,,0,120,79,888,22.259999999999998,6,0,0,6,,,125.0,203.8,209.8,164.3,,38,
Chase Edmonds,ARI,RB,23,29,2,0,0,0,0,0,120,511,8.52,6,44,32,208,13.9,1,1,0,7,,,114.0,145.9,157.89999999999998,129.9,,128,
JuJu Smith-Schuster,PIT,WR,23,28,25,0,0,0,0,0,1,13,,0,236,153,1978,25.990000000000002,10,2,2,10,,,257.0,410.09999999999997,418.09999999999997,333.6,,75,
Jonnu Smith,TEN,TE,24,29,26,0,0,0,0,0,4,78,,0,74,55,697,25.439999999999998,6,1,0,6,,,114.0,168.5,174.5,141.0,,48,
Jack Doyle,IND,TE,29,22,22,0,0,0,0,0,0,0,,0,105,69,693,19.84,6,2,1,6,,,104.0,172.3,179.3,137.8,,54,
Demarcus Robinson,KAN,WR,25,32,15,0,0,0,0,0,0,0,,0,88,54,737,27.119999999999997,8,0,0,8,,,122.0,175.7,181.7,148.7,,152,
Kendrick Bourne,SFO,WR,24,32,8,0,0,0,0,0,0,0,,0,110,72,845,23.53,9,1,0,9,,,141.0,212.5,218.5,176.5,,136,
Allen Lazard,GNB,WR,24,17,3,0,0,0,0,0,1,21,,0,53,36,484,20.630000000000003,3,0,0,3,,,69.0,104.5,107.5,86.5,,270,
Rashaad Penny,SEA,RB,23,24,0,0,0,0,0,0,150,789,10.620000000000001,5,23,17,158,18.71,1,1,1,6,,,128.0,145.7,152.7,137.2,,112,
John Ross,CIN,WR,25,21,18,0,0,0,0,0,7,13,3.58,0,114,49,716,28.07,10,1,1,10,,,131.0,179.9,186.9,155.4,,149,
Evan Engram,NYG,TE,25,19,14,0,0,0,0,0,6,43,14.33,0,132,89,1044,23.43,6,0,0,6,,,146.0,235.7,241.70000000000002,191.2,,32,
Mohamed Sanu,2TM,WR,30,31,28,1,2,5,1,0,10,55,9.96,0,183,125,1358,21.509999999999998,6,2,1,6,,,181.0,306.5,313.5,244.0,,101,
Tyler Eifert,CIN,TE,29,20,6,0,0,0,0,0,0,0,,0,82,58,615,22.07,4,0,0,4,,,88.0,145.5,151.5,116.5,,75,
Ryan Griffin,TAM,QB,30,16,11,2,4,18,0,0,4,-1,,0,43,24,305,,0,0,0,0,,,32.0,55.1,58.1,43.1,,103,
Kareem Hunt,CLE,RB,24,19,14,0,0,0,0,0,224,1003,8.71,9,79,63,663,22.24,8,1,0,17,,,268.0,331.6,343.6,300.1,,62,
Willie Snead,BAL,WR,27,32,21,0,0,0,0,0,3,15,14.0,0,141,93,990,21.439999999999998,6,0,0,6,,,136.0,229.5,235.5,183.0,,141,
Jimmy Graham,GNB,TE,33,32,22,0,0,0,0,0,0,0,,0,149,93,1083,23.32,5,1,0,5,,,139.0,231.3,237.3,184.8,,36,
Auden Tate,CIN,WR,22,19,10,0,0,0,0,0,0,0,,0,92,44,610,23.130000000000003,1,1,1,1,,,66.0,109.0,113.0,87.0,,251,
Taylor Gabriel,CHI,WR,28,25,18,0,0,0,0,0,12,81,13.45,0,141,96,1041,22.439999999999998,6,1,1,6,,,146.0,242.2,249.2,194.2,,128,
Marquez Valdes-Scantling,GNB,WR,25,32,20,0,0,0,0,0,4,38,19.0,0,129,64,1033,32.67,4,0,0,4,,,131.0,195.1,201.1,163.1,,142,
Malcolm Brown,LAR,RB,26,26,1,0,0,0,0,0,112,467,8.629999999999999,5,13,7,68,18.4,1,0,0,6,,,91.0,98.5,104.5,95.0,,138,
Jeff Driskel,DET,QB,26,12,8,167,281,1688,10,6,47,281,12.06,3,1,1,6,,0,5,1,3,,,142.0,143.2,162.2,148.7,,73,
Brian Hill,ATL,RB,24,22,2,0,0,0,0,0,98,480,11.989999999999998,2,16,11,78,15.9,1,1,1,3,,,72.0,82.8,89.80000000000001,77.3,,152,
Jaylen Samuels,PIT,RB,23,28,7,4,5,35,0,1,122,431,7.220000000000001,1,86,73,504,14.14,4,2,1,5,,,121.0,193.9,207.9,158.4,,113,
Tajae Sharpe,TEN,WR,25,31,19,0,0,0,0,0,1,16,,0,82,51,645,25.310000000000002,6,0,0,6,,,102.0,153.10000000000002,159.10000000000002,127.60000000000001,,173,
Eric Ebron,IND,TE,26,27,10,0,1,0,0,0,3,-8,,1,162,97,1125,23.46,16,1,1,17,,,212.0,308.7,315.7,260.2,,27,
Ted Ginn,NOR,WR,34,21,12,0,0,0,0,0,6,44,14.67,0,86,47,630,26.32,4,1,1,4,,,92.0,138.4,145.4,114.9,,188,
Nelson Agholor,PHI,WR,26,27,26,1,1,15,0,0,5,39,14.17,0,166,103,1099,20.810000000000002,7,3,1,7,,,156.0,259.4,266.4,207.9,,119,
Cameron Brate,TAM,TE,28,32,8,0,0,0,0,0,0,0,,0,104,66,600,18.270000000000003,10,1,1,10,,,118.0,184.0,191.0,151.0,,42,
Keelan Cole,JAX,WR,26,32,12,0,0,0,0,0,1,6,,0,105,62,852,27.96,4,2,2,4,,,106.0,167.8,175.8,136.8,,167,
Blake Jarwin,DAL,TE,25,32,11,0,0,0,0,0,0,0,,0,77,58,672,23.14,6,1,0,6,,,104.0,161.2,167.2,132.2,,51,
Jordan Akins,HOU,TE,27,32,15,0,0,0,0,0,0,0,,0,80,53,643,24.85,2,0,0,2,,,77.0,129.3,135.3,102.8,,82,
Eli Manning,NYG,QB,38,20,20,471,723,5341,27,16,19,27,3.08,1,0,0,0,,0,10,5,1,,,294.0,294.4,321.4,310.4,,56,
Alex Erickson,CIN,WR,27,32,12,1,1,26,0,0,8,55,13.93,0,107,63,696,20.65,0,5,3,0,,,70.0,133.1,142.1,101.6,,227,
Gerald Everett,LAR,TE,25,29,2,0,0,0,0,0,3,16,8.0,0,110,70,728,20.729999999999997,5,0,0,5,,,107.0,176.39999999999998,182.39999999999998,141.39999999999998,,50,
Jacob Hollister,SEA,TE,26,19,4,0,0,0,0,0,0,0,,0,64,45,401,21.509999999999998,3,0,0,3,,,58.0,103.10000000000001,106.10000000000001,80.60000000000001,,121,
Tre'Quan Smith,NOR,WR,23,26,13,0,0,0,0,0,0,0,,0,69,46,661,28.25,10,0,0,10,,,126.0,172.10000000000002,178.10000000000002,149.1,,149,
Darrel Williams,KAN,RB,24,18,0,0,0,0,0,0,54,185,6.82,3,22,18,194,20.130000000000003,2,1,1,5,,,66.0,83.9,90.9,74.89999999999999,,159,
Allen Hurns,MIA,WR,28,30,14,0,0,0,0,0,0,0,,0,82,52,711,27.75,4,2,1,4,,,94.0,145.1,152.1,119.1,,184,
Chris Thompson,WAS,RB,29,21,0,0,0,0,0,0,80,316,7.869999999999999,0,113,83,646,15.54,1,2,0,1,,,103.0,185.2,197.2,143.7,,127,
Will Dissly,SEA,TE,23,10,10,0,0,0,0,0,1,7,,0,41,31,418,30.89,6,1,0,6,,,79.0,109.5,115.5,94.0,,78,
Russell Gage,ATL,WR,23,31,4,0,0,0,0,0,4,12,,0,84,55,509,19.6,1,1,1,1,,,56.0,111.1,115.1,83.6,,252,
O.J. Howard,TAM,TE,25,24,22,0,0,0,0,0,0,0,,0,101,68,1024,30.12,6,1,1,6,,,137.0,204.4,211.4,170.4,,41,
Adam Humphries,TEN,WR,26,28,13,0,0,0,0,0,3,12,6.5,0,152,113,1190,20.85,7,3,0,7,,,163.0,275.2,281.2,218.7,,117,
J.D. McKissic,DET,RB,26,21,3,0,0,0,0,0,41,213,8.059999999999999,0,43,34,233,,1,0,0,1,,,51.0,84.6,90.6,67.6,,213,
Demaryius Thomas,NYJ,WR,32,26,25,0,0,0,0,0,0,0,,0,147,95,1110,23.5,6,0,0,6,,,147.0,242.0,248.0,194.5,,129,
Mike Boone,MIN,RB,24,24,2,0,0,0,0,0,60,320,9.84,3,7,5,18,6.17,0,0,0,3,,,52.0,56.8,59.8,54.3,,182,
Josh Gordon,2TM,WR,28,23,19,0,1,0,0,1,1,1,,0,118,68,1163,33.76,5,0,0,5,,,145.0,212.39999999999998,219.39999999999998,179.4,,132,
Hayden Hurst,BAL,TE,26,28,4,0,0,0,0,0,1,0,,0,62,43,512,24.17,3,0,0,3,,,69.0,112.2,118.2,90.7,,91,
Jalen Richard,OAK,RB,26,32,1,0,0,0,0,0,94,404,8.43,1,124,104,930,17.9,0,5,2,1,,,136.0,239.39999999999998,253.39999999999998,187.39999999999998,,109,
Jordan Wilkins,IND,RB,25,30,4,0,0,0,0,0,111,643,11.62,3,28,23,128,11.45,0,2,2,3,,,91.0,114.1,122.1,102.6,,139,
Vance McDonald,PIT,TE,29,29,28,0,0,0,0,0,1,2,,0,127,88,883,19.38,7,3,1,7,,,129.0,216.5,223.5,172.5,,47,
Albert Wilson,MIA,WR,27,20,7,2,3,72,1,0,13,61,11.0,0,97,69,742,23.2,5,0,0,5,,,117.0,186.2,192.2,151.7,,162,
Ricky Seals-Jones,CLE,TE,24,29,8,0,0,0,0,0,0,0,,0,91,48,572,26.45,5,1,1,5,,,85.0,133.2,140.2,109.19999999999999,,69,
Nick Boyle,BAL,TE,26,32,28,0,0,0,0,0,0,0,,0,80,54,534,19.61,2,0,0,2,,,65.0,119.39999999999999,125.39999999999999,92.4,,97,
Jeff Wilson,SFO,RB,24,16,2,0,0,0,0,0,93,371,7.92,4,20,15,132,19.5,1,3,2,5,,,76.0,91.3,99.3,83.8,,150,
David Moore,SEA,WR,24,30,8,0,0,0,0,0,4,30,13.33,0,87,43,746,34.83,7,4,1,7,,,118.0,160.6,167.6,139.1,,154,
Brandon Bolden,NWE,RB,29,31,2,0,0,0,0,0,23,159,15.91,5,14,12,124,16.66,2,1,1,7,,,68.0,80.3,84.3,74.3,,158,
Cody Latimer,NYG,WR,27,21,12,0,0,0,0,0,0,0,,0,58,35,490,29.77,3,0,0,3,,,67.0,102.0,108.0,84.5,,224,
Geronimo Allison,GNB,WR,25,21,10,0,0,0,0,0,1,7,,0,85,54,590,23.59,4,3,1,4,,,83.0,137.7,144.7,110.69999999999999,,191,
Josh Hill,NOR,TE,29,32,22,0,0,0,0,0,0,0,,0,59,41,411,20.6,4,0,0,4,,,66.0,106.1,112.1,85.6,,93,
Dion Lewis,TEN,RB,29,32,8,0,0,0,0,0,209,726,7.21,1,99,84,564,13.34,2,2,2,3,,,143.0,227.0,241.0,185.0,,108,
Josh Reynolds,LAR,WR,24,32,10,0,0,0,0,0,7,31,8.6,0,96,50,728,29.38,6,0,0,6,,,112.0,161.9,167.9,136.9,,165,
Damiere Byrd,ARI,WR,26,19,3,0,0,0,0,0,0,0,,0,48,33,367,19.22,1,1,1,1,,,41.0,73.7,77.7,57.199999999999996,,294,
Marcus Johnson,IND,WR,25,13,6,0,0,0,0,0,1,-2,,0,41,23,379,33.29,3,0,0,3,,,56.0,78.7,84.7,67.2,,245,
Dare Ogunbowale,TAM,RB,25,18,0,0,0,0,0,0,11,17,,2,46,35,286,,0,2,1,2,,,,,,,,236,
Seth Roberts,BAL,WR,28,31,7,0,0,0,0,0,3,5,,0,99,66,765,23.880000000000003,4,0,0,4,,,101.0,167.0,173.0,134.0,,176,
Kalen Ballage,MIA,RB,24,24,6,0,0,0,0,0,110,326,7.13,4,35,23,119,10.719999999999999,0,1,1,4,,,67.0,89.5,96.5,78.0,,161,
Giovani Bernard,CIN,RB,28,28,6,0,0,0,0,0,109,381,6.98,3,91,65,452,14.030000000000001,0,2,1,3,,,99.0,164.3,177.3,131.8,,134,
Nick Foles,JAX,QB,30,9,9,218,312,2149,10,6,13,40,7.64,0,1,1,10,,0,6,4,0,,,113.0,113.9,129.9,119.4,,79,
Wayne Gallman,NYG,RB,25,25,4,0,0,0,0,0,80,286,7.24,3,37,25,191,15.629999999999999,1,3,2,4,,,68.0,92.7,103.7,80.2,,162,
Paul Richardson,WAS,WR,27,17,10,0,0,0,0,0,3,9,4.5,0,77,48,507,21.85,4,0,0,4,,,76.0,123.6,129.6,99.6,,203,
DaeSean Hamilton,DEN,WR,24,30,7,0,0,0,0,0,0,0,,0,97,58,540,18.71,3,0,0,3,,,72.0,130.0,136.0,101.0,,210,
Isaiah McKenzie,BUF,WR,24,23,9,0,0,0,0,0,18,115,12.73,2,69,45,433,19.35,1,2,1,3,,,71.0,115.8,122.8,93.3,,213,
C.J. Uzomah,CIN,TE,26,32,31,0,0,0,0,0,0,0,,0,104,70,681,19.17,5,0,0,5,,,98.0,168.10000000000002,174.10000000000002,133.10000000000002,,60,
Demetrius Harris,CLE,TE,28,30,9,0,0,0,0,0,0,0,,0,52,27,313,23.6,6,0,0,6,,,69.0,96.3,102.3,82.8,,79,
Jonathan Williams,IND,RB,25,12,1,0,0,0,0,0,52,235,4.8,1,6,6,60,12.8,0,0,0,1,,,,41.5,44.5,38.5,,232,
Tavon Austin,DAL,WR,29,21,0,0,0,0,0,0,12,102,17.0,1,37,21,317,31.119999999999997,3,1,0,4,,,66.0,86.9,92.9,76.4,,221,
Delanie Walker,TEN,TE,35,8,5,0,0,0,0,0,0,0,,0,38,25,267,23.240000000000002,2,1,0,2,,,39.0,63.7,66.7,51.2,,136,
Marvin Hall,DET,WR,26,25,0,0,0,0,0,0,3,7,7.0,0,30,17,410,52.19,2,0,0,2,,,54.0,70.69999999999999,76.69999999999999,62.199999999999996,,243,
Matt Schaub,ATL,QB,38,9,1,55,74,600,3,1,4,-3,-1.0,0,1,1,-7,,0,2,1,0,,,,34.0,39.0,34.5,,110,
Jaron Brown,SEA,WR,29,30,6,0,0,0,0,0,0,0,,0,47,30,386,25.61,7,1,1,7,,,79.0,108.6,115.6,93.6,,198,
Vyncint Smith,NYJ,WR,23,20,5,0,0,0,0,0,3,52,,1,41,22,316,31.439999999999998,1,1,1,2,,,47.0,68.80000000000001,72.80000000000001,57.800000000000004,,260,
Pharoh Cooper,2TM,WR,24,20,1,0,0,0,0,0,1,2,,0,34,25,243,,1,1,0,1,,,,,,,,322,
Keke Coutee,HOU,WR,22,15,6,0,0,0,0,0,5,14,7.0,1,77,50,541,21.8,1,1,1,2,,,66.0,115.5,122.5,90.5,,219,
Kyle Juszczyk,SFO,RB,28,28,26,0,0,0,0,0,11,37,6.08,0,65,50,563,22.75,2,2,2,2,,,68.0,118.0,126.0,93.0,,158,
Malik Turner,SEA,WR,23,21,3,0,0,0,0,0,0,0,,0,25,17,265,26.33,1,0,0,1,,,33.0,49.5,52.5,41.0,,297,
Charles Clay,ARI,TE,30,28,22,0,0,0,0,0,0,0,,0,60,39,421,21.93,1,1,1,1,,,46.0,85.1,92.1,65.6,,110,
Chester Rogers,IND,WR,25,28,16,0,0,0,0,0,2,14,14.0,0,100,69,664,20.34,4,3,1,4,,,94.0,162.8,169.8,128.3,,189,
Jeremy Sprinkle,WAS,TE,25,32,22,0,0,0,0,0,0,0,,0,49,31,282,17.47,2,1,0,2,,,40.0,71.2,74.2,55.7,,122,
Jarius Wright,CAR,WR,30,32,15,0,0,0,0,0,3,32,12.5,0,117,71,743,20.97,1,3,1,1,,,84.0,154.5,161.5,119.0,,194,
DeSean Jackson,PHI,WR,33,15,13,0,0,0,0,0,6,29,,1,84,50,933,36.55,6,0,0,7,,,138.0,188.20000000000002,194.20000000000002,163.20000000000002,,146,
Jake Kumerow,GNB,WR,27,19,6,0,0,0,0,0,0,0,,0,32,20,322,31.130000000000003,2,0,0,2,,,44.0,64.2,70.2,54.2,,262,
Justin Watson,TAM,WR,24,28,2,0,0,0,0,0,0,0,,0,29,16,164,15.6,2,0,0,2,,,29.0,44.4,47.4,36.4,,318,
Jakeem Grant,MIA,WR,27,20,4,0,0,0,0,0,5,10,6.25,1,67,40,432,21.39,2,2,1,6,,,78.0,118.19999999999999,125.19999999999999,98.19999999999999,,204,
James O'Shaughnessy,JAX,TE,27,19,14,0,0,0,0,0,0,0,,0,58,38,367,19.85,2,0,0,2,,,48.0,86.69999999999999,92.69999999999999,67.69999999999999,,104,
Mark Walton,MIA,RB,22,21,4,0,0,0,0,0,67,235,6.220000000000001,0,29,20,130,14.129999999999999,0,1,1,0,,,35.0,54.5,58.5,44.5,,193,
Chase Daniel,CHI,QB,33,8,3,98,140,950,6,4,19,9,1.23,0,1,1,8,,0,4,0,0,,,56.0,56.7,66.7,60.2,,91,
Anthony Firkser,TEN,TE,24,27,1,0,0,0,0,0,0,0,,0,44,33,429,26.41,2,0,0,2,,,55.0,87.9,93.9,71.4,,92,
Isaiah Ford,MIA,WR,23,9,0,0,0,0,0,0,1,11,,0,36,23,244,,0,0,0,0,,,,,,,,357,
Marquise Goodwin,SFO,WR,29,20,14,0,0,0,0,0,5,24,17.25,0,64,35,581,32.67,5,1,0,5,,,90.0,125.5,131.5,108.0,,197,
Dontrell Hilliard,CLE,RB,24,25,0,0,1,0,0,1,13,49,,2,25,21,197,19.34,0,2,0,2,,,35.0,55.6,59.6,46.1,,193,
Bilal Powell,NYJ,RB,31,20,8,0,1,0,0,0,139,572,8.17,0,30,18,143,14.71,1,2,1,1,,,75.0,93.5,103.5,84.5,,152,
Trey Quinn,WAS,WR,24,15,8,0,0,0,0,0,1,0,,0,57,35,273,15.95,2,1,1,2,,,40.0,74.3,78.3,56.8,,279,
Damion Ratley,CLE,WR,24,26,6,0,0,0,0,0,0,0,,0,44,25,344,27.75,1,0,0,1,,,40.0,65.4,71.4,52.9,,275,
Maxx Williams,ARI,TE,25,29,16,0,0,0,0,0,3,8,,0,36,31,345,22.41,2,0,0,2,,,47.0,78.30000000000001,84.30000000000001,62.800000000000004,,108,
Dan Arnold,2TM,TE,24,15,2,0,0,0,0,0,0,0,,0,33,20,277,28.380000000000003,3,1,0,3,,,46.0,65.7,71.7,55.7,,110,
Cordarrelle Patterson,CHI,WR,28,31,9,0,0,0,0,0,59,331,11.489999999999998,1,45,32,330,19.31,3,1,1,6,,,101.0,132.1,142.1,116.1,,187,
Ito Smith,ATL,RB,24,21,0,0,0,0,0,0,112,421,8.32,5,46,38,239,13.54,0,1,0,5,,,96.0,134.0,143.0,115.0,,138,
Javon Wims,CHI,WR,25,20,6,0,0,0,0,0,0,0,,0,44,22,218,18.33,1,0,0,1,,,28.0,49.800000000000004,52.800000000000004,38.800000000000004,,305,
Ameer Abdullah,MIN,RB,26,26,0,0,0,0,0,0,24,116,6.0,0,25,18,116,15.2,1,2,2,1,,,25.0,43.199999999999996,48.199999999999996,34.2,,233,
Dante Pettis,SFO,WR,24,23,11,1,1,16,0,0,1,-2,,0,69,38,576,27.21,7,2,0,7,,,101.0,138.0,144.0,119.0,,189,
Laquon Treadwell,MIN,WR,24,28,8,0,0,0,0,0,0,0,,0,69,44,486,29.07,2,0,0,2,,,60.0,104.6,110.6,82.6,,236,
Rhett Ellison,NYG,TE,31,24,19,0,0,0,0,0,0,0,,0,62,43,439,20.16,2,0,0,2,,,58.0,100.9,106.9,79.4,,86,
Bennie Fowler,NYG,WR,28,18,7,0,0,0,0,0,1,20,,0,63,39,392,20.83,1,1,0,1,,,49.0,88.19999999999999,94.19999999999999,68.69999999999999,,260,
Logan Thomas,DET,TE,28,28,6,1,1,15,0,0,0,0,,0,45,28,250,17.23,1,0,0,1,,,31.0,59.599999999999994,62.599999999999994,45.6,,133,
Justin Jackson,LAC,RB,24,20,1,0,0,0,0,0,79,406,11.02,2,30,24,157,11.44,0,0,0,2,,,68.0,92.3,101.3,80.3,,161,
Zay Jones,2TM,WR,24,31,24,0,1,0,0,0,2,3,3.0,0,147,83,868,19.64,7,1,0,7,,,131.0,214.1,220.1,172.6,,168,
Marcedes Lewis,GNB,TE,35,32,15,0,0,0,0,0,0,0,,0,23,18,195,23.4,1,0,0,1,,,26.0,43.5,46.5,34.5,,153,
Tim Patrick,DEN,WR,26,24,6,0,0,0,0,0,3,17,,0,72,39,533,27.33,1,2,1,1,,,59.0,98.0,105.0,78.5,,240,
Ross Dwelley,SFO,TE,24,27,6,0,0,0,0,0,0,0,,0,24,17,105,13.07,2,0,0,2,,,22.0,39.5,39.5,31.0,,164,
C.J. Ham,MIN,RB,26,31,9,0,0,0,0,0,13,25,3.7600000000000002,0,41,28,234,16.490000000000002,1,1,1,1,,,30.0,57.900000000000006,61.900000000000006,43.900000000000006,,197,
Brian Hoyer,IND,QB,34,9,1,36,67,379,4,4,19,-6,-0.48,0,0,0,0,,0,2,1,0,,,20.0,20.6,28.6,24.6,,119,
Derek Carrier,OAK,TE,29,32,6,0,0,0,0,0,1,27,,0,31,20,175,17.880000000000003,2,0,0,2,,,33.0,52.2,55.2,42.2,,130,
Trevor Davis,3TM,WR,26,16,4,0,0,0,0,0,4,73,,1,11,8,111,,0,3,2,1,,,,,,,,355,
Justin Hardy,ATL,WR,28,32,1,0,0,0,0,0,0,0,,0,48,33,328,19.759999999999998,2,1,0,2,,,45.0,77.8,83.8,61.3,,272,
Richie James,SFO,WR,24,29,3,0,0,0,0,0,2,-1,,0,24,15,295,41.94,2,3,2,3,,,43.0,58.4,66.4,50.9,,274,
Ian Thomas,CAR,TE,23,32,9,0,0,0,0,0,0,0,,0,79,52,469,17.75,3,0,0,3,,,65.0,116.9,122.9,90.9,,84,
Matt LaCosse,NWE,TE,27,26,13,0,0,0,0,0,0,0,,0,56,37,381,20.5,2,0,0,2,,,50.0,87.1,93.1,68.6,,97,
Ty Montgomery,NYJ,RB,26,29,2,0,0,0,0,0,73,291,7.8100000000000005,1,57,38,325,16.32,0,2,1,1,,,65.0,103.6,113.6,84.6,,186,
C.J. Prosise,SEA,RB,25,14,0,0,0,0,0,0,24,69,0.1299999999999999,1,15,13,98,14.93,0,1,1,1,,,21.0,33.7,34.7,27.2,,228,
Vernon Davis,WAS,TE,35,18,9,0,0,0,0,0,0,0,,0,55,35,490,26.98,3,0,0,3,,,69.0,104.0,110.0,86.5,,83,
Dontrelle Inman,2TM,WR,30,16,5,0,0,0,0,0,0,0,,0,60,40,485,25.939999999999998,3,0,0,3,,,66.0,106.5,112.5,86.5,,232,
Josh Rosen,MIA,QB,22,20,16,275,502,2845,12,19,26,151,10.33,0,0,0,0,,0,11,5,0,,,131.0,130.9,163.9,149.9,,83,
Jeff Heuerman,DEN,TE,27,25,21,0,0,0,0,0,0,0,,0,68,45,395,17.200000000000003,3,0,0,3,,,57.0,102.5,108.5,80.0,,94,
A.J. McCarron,HOU,QB,29,4,1,22,40,233,0,1,8,37,7.13,1,0,0,0,,0,1,0,1,,,,17.0,18.0,18.0,,115,
Cam Newton,CAR,QB,30,16,16,370,560,3967,24,14,106,486,4.43,4,0,0,0,,0,8,2,4,,,300.0,299.3,324.3,313.3,,63,
Nick O'Leary,2TM,TE,27,24,12,0,0,0,0,0,0,0,,0,28,21,195,19.130000000000003,2,1,0,2,,,32.0,52.5,55.5,42.0,,132,
Nick Vannett,2TM,TE,26,31,16,0,0,0,0,0,0,0,,0,65,46,435,19.04,3,1,0,3,,,62.0,107.5,113.5,84.5,,93,
Ben Watson,NWE,TE,39,26,12,0,0,0,0,0,0,0,,0,70,52,573,21.61,2,0,0,2,,,69.0,121.3,127.3,95.3,,85,
T.J. Yeldon,BUF,RB,26,20,5,0,0,0,0,0,121,477,7.6899999999999995,1,93,68,611,18.39,4,2,2,5,,,135.0,202.79999999999998,213.8,168.79999999999998,,126,
Robert Griffin,BAL,QB,29,10,1,25,44,246,1,2,20,70,,0,0,0,0,,0,0,0,0,,,17.0,16.8,18.8,18.8,,114,
Robert Tonyan,GNB,TE,25,27,2,0,0,0,0,0,0,0,,0,21,14,177,29.25,2,0,0,2,,,30.0,43.7,46.7,36.7,,136,
Joshua Perkins,PHI,TE,26,14,1,0,0,0,0,0,0,0,,0,24,14,154,23.07,1,0,0,1,,,22.0,35.4,35.4,28.4,,156,
MyCole Pruitt,TEN,TE,27,31,11,0,0,0,0,0,0,0,,0,19,15,192,26.33,2,0,0,2,,,31.0,46.2,49.2,38.7,,132,
Wendell Smallwood,WAS,RB,25,31,6,0,0,0,0,0,109,445,7.859999999999999,3,48,37,294,15.32,2,2,1,5,,,104.0,140.9,147.9,122.4,,140,
DeAndre Carter,HOU,WR,26,30,7,0,0,0,0,0,1,7,,0,39,33,378,24.55,0,7,2,0,,,34.0,67.5,75.5,51.0,,283,
Seth Devalve,JAX,TE,26,25,10,0,0,0,0,0,0,0,,0,25,17,214,26.47,1,0,0,1,,,27.0,44.4,47.4,35.9,,141,
Trey Edmunds,PIT,RB,25,15,0,0,0,0,0,0,22,92,,0,7,6,48,,0,0,0,0,,,,,,,,255,
Virgil Green,LAC,TE,31,31,20,0,0,0,0,0,0,0,,0,40,28,288,19.72,2,0,0,2,,,41.0,68.8,71.8,54.8,,119,
Jesse James,DET,TE,25,32,18,0,0,0,0,0,0,0,,0,66,46,565,22.98,2,0,0,2,,,68.0,114.5,120.5,91.5,,89,
Daniel Brown,NYJ,TE,27,30,5,0,0,0,0,0,0,0,,0,11,7,72,,1,0,0,1,,,,,,,,190,
Rico Gafford,OAK,WR,23,5,1,0,0,0,0,0,0,0,,0,2,2,66,,1,0,0,1,,,,,,,,372,
Tyler Kroft,BUF,TE,27,16,5,0,0,0,0,0,0,0,,0,20,10,107,20.83,1,0,0,1,,,17.0,26.700000000000003,26.700000000000003,21.700000000000003,,176,
Ben Roethlisberger,PIT,QB,37,18,18,487,737,5480,34,17,32,105,10.16,3,1,1,-1,,0,8,2,3,,,354.0,354.59999999999997,379.59999999999997,371.09999999999997,,56,
Ben Braunecker,CHI,TE,25,26,5,0,0,0,0,0,0,0,,0,16,9,101,23.83,1,0,0,1,,,16.0,25.099999999999998,25.099999999999998,20.6,,174,
Antonio Brown,NWE,WR,31,16,15,0,1,0,0,0,1,5,,0,176,108,1353,26.47,16,0,0,16,,,232.0,339.8,342.8,285.8,,150,
Rashard Higgins,CLE,WR,25,23,2,0,0,0,0,0,0,0,,0,64,43,627,28.42,5,2,1,5,,,91.0,133.7,137.7,112.2,,207,
Javorius Allen,NYG,RB,28,24,0,0,0,0,0,0,51,146,6.28,4,45,36,205,14.6,2,1,1,6,,,70.0,105.1,112.1,87.1,,168,
Darren Sproles,PHI,RB,36,12,3,0,0,0,0,0,46,186,8.02,1,33,21,184,14.67,2,1,0,3,,,57.0,78.0,84.0,67.5,,175,
Brandon Zylstra,CAR,WR,26,24,0,0,0,0,0,0,0,0,,0,14,9,129,36.25,0,1,0,0,,,13.0,21.900000000000002,24.900000000000002,17.4,,333,
Marcell Ateman,OAK,WR,25,18,6,0,0,0,0,0,0,0,,0,41,20,270,33.47,1,1,1,1,,,31.0,51.0,58.0,41.0,,291,
Andy Janovich,DEN,RB,26,23,10,0,0,0,0,0,3,6,3.5,1,15,13,154,22.4,1,0,0,2,,,28.0,41.0,44.0,34.5,,195,
T.J. Jones,NYG,WR,27,18,3,0,0,0,0,0,0,0,,0,30,22,228,22.67,3,3,0,3,,,41.0,62.8,65.8,51.8,,271,
JJ Nelson,OAK,WR,27,16,3,0,0,0,0,0,4,0,,0,24,11,100,18.14,1,0,0,1,,,16.0,27.0,27.0,21.5,,319,
David Njoku,CLE,TE,23,20,15,0,0,0,0,0,0,0,,0,98,61,680,19.61,5,0,0,5,,,98.0,159.0,162.0,128.5,,85,
Danny Vitale,GNB,RB,26,20,4,0,0,0,0,0,1,3,,0,14,8,99,15.86,0,0,0,0,,,,18.2,18.2,14.2,,259,
Derek Watt,LAC,RB,27,32,7,0,0,0,0,0,11,21,4.18,1,6,4,34,12.67,0,0,0,1,,,11.0,15.5,15.5,13.5,,250,
Mo Alie-Cox,IND,TE,26,25,3,0,0,0,0,0,0,0,,0,24,15,226,30.630000000000003,2,0,0,2,,,34.0,49.599999999999994,52.599999999999994,42.1,,130,
Kenjon Barner,ATL,RB,29,23,0,1,1,3,0,0,23,99,10.74,0,9,7,25,6.67,0,5,1,1,,,16.0,23.5,24.5,20.0,,222,
Antonio Callaway,CLE,WR,22,20,13,0,0,0,0,0,2,7,,0,94,51,675,24.76,5,1,1,5,,,98.0,149.20000000000002,153.20000000000002,123.7,,209,
Robert Foster,BUF,WR,25,26,5,0,0,0,0,0,2,29,,0,62,30,605,41.37,3,0,0,3,,,81.0,111.39999999999999,114.39999999999999,96.39999999999999,,226,
Marshawn Lynch,SEA,RB,33,7,6,0,0,0,0,0,102,410,7.01,4,20,15,84,,0,0,0,4,,,73.0,88.4,91.4,80.9,,164,
Lee Smith,BUF,TE,32,32,9,0,0,0,0,0,0,0,,0,16,14,104,15.05,4,0,0,4,,,34.0,48.4,48.4,41.4,,132,
Alex Armah,CAR,RB,25,32,3,0,0,0,0,0,15,26,3.5,3,3,3,11,8.0,0,0,0,3,,,22.0,24.7,24.7,23.2,,209,
Nick Bellore,SEA,RB,30,28,5,0,0,0,0,0,1,0,,0,6,6,38,15.25,1,0,0,1,,,10.0,15.8,15.8,12.8,,251,
Trey Burton,CHI,TE,28,24,21,0,0,0,0,0,1,2,,0,100,68,653,16.54,6,1,1,6,,,101.0,169.5,173.5,135.5,,88,
KhaDarel Hodge,CLE,WR,24,30,1,0,0,0,0,0,0,0,,0,13,6,93,27.5,0,0,0,0,,,10.0,15.3,15.3,12.3,,352,
Trent Sherfield,ARI,WR,23,29,3,0,0,0,0,0,0,0,,0,41,23,290,31.05,1,0,0,1,,,35.0,58.0,61.0,46.5,,287,
Luke Willson,SEA,TE,29,22,15,0,0,0,0,0,0,0,,0,29,21,166,16.57,0,0,0,0,,,17.0,37.6,37.6,27.1,,164,
Chad Beebe,MIN,WR,25,6,0,0,0,0,0,0,0,0,,0,6,6,109,44.75,0,3,0,0,,,11.0,16.9,16.9,13.9,,339,
Blake Bell,KAN,TE,28,25,11,0,0,0,0,0,0,0,,0,26,16,134,16.76,0,0,0,0,,,14.0,29.4,29.4,21.4,,173,
Devontae Booker,DEN,RB,27,32,0,0,0,0,0,0,36,192,9.879999999999999,1,60,44,332,16.740000000000002,0,1,1,1,,,57.0,100.39999999999999,107.39999999999999,78.39999999999999,,186,
Chris Hogan,CAR,WR,32,23,8,0,0,0,0,0,0,0,,0,70,43,599,23.58,3,0,0,3,,,78.0,120.9,123.9,99.4,,236,
Adam Shaheen,CHI,TE,25,14,6,0,0,0,0,0,0,0,,0,19,14,122,17.82,1,1,1,1,2.0,,20.0,34.2,35.2,27.200000000000003,,157,
Durham Smythe,MIA,TE,24,31,16,0,0,0,0,0,0,0,,0,25,13,115,17.619999999999997,0,0,0,0,,,12.0,24.5,24.5,18.0,,181,
Geoff Swaim,JAX,TE,26,15,11,0,0,0,0,0,0,0,,0,49,39,307,14.31,1,0,0,1,,,37.0,75.7,78.7,56.2,,129,
Spencer Ware,KAN,RB,28,16,3,0,0,0,0,0,68,297,7.82,2,30,25,246,15.6,0,1,0,2,,,66.0,91.3,97.3,78.8,,177,
Dwayne Washington,NOR,RB,25,29,0,0,0,0,0,0,35,214,13.2,0,1,1,6,,0,0,0,0,,,22.0,23.0,26.0,22.5,,209,
Matt Barkley,BUF,QB,29,3,1,42,76,591,2,3,5,-6,-2.67,0,0,0,0,,0,3,1,0,,,23.0,23.1,30.1,26.1,,106,
Tyler Conklin,MIN,TE,24,31,4,0,0,0,0,0,0,0,,0,17,13,135,22.65,0,0,0,0,,,14.0,26.5,26.5,20.0,,173,
Chris Lacy,DET,WR,23,8,2,0,0,0,0,0,0,0,,0,11,3,60,,0,0,0,0,,,,,,,,392,
Zach Line,NOR,RB,29,28,8,0,0,0,0,0,16,61,7.42,0,20,11,50,8.8,2,0,0,2,,,24.0,34.1,34.1,28.6,,210,
Tyrod Taylor,LAC,QB,30,12,3,46,91,506,3,2,26,132,8.51,1,1,0,0,,0,3,0,1,,,47.0,47.4,55.4,49.4,,97,
Clive Walford,MIA,TE,28,8,4,0,0,0,0,0,0,4,,0,8,4,57,,0,0,0,0,,,,,,,,218,
Deontay Burnett,PHI,WR,22,6,2,0,0,0,0,0,0,0,,0,19,12,191,38.3,0,0,0,0,,,19.0,31.1,34.1,25.1,,325,
Mike Davis,2TM,RB,26,27,3,0,0,0,0,0,125,541,6.67,4,50,41,236,9.43,1,0,0,5,,,108.0,148.70000000000002,154.70000000000002,128.2,,157,
Patrick DiMarco,BUF,RB,30,32,9,0,0,0,0,0,4,16,11.33,0,11,8,103,28.87,0,0,0,0,,,12.0,19.9,19.9,15.899999999999999,,238,
Lance Kendricks,LAC,TE,31,28,4,0,0,0,0,0,0,0,,0,32,22,220,25.62,1,0,0,1,,,28.0,50.0,53.0,39.0,,147,
Elijhaa Penny,NYG,RB,26,30,4,0,0,0,0,0,22,64,6.17,0,13,10,59,10.75,0,0,0,0,,,13.0,22.3,22.3,17.3,,236,
Luke Stocker,ATL,TE,31,31,20,0,0,0,0,0,1,0,,0,35,23,218,17.63,2,1,0,2,,,34.0,56.8,59.8,45.3,,134,
Deon Yelder,KAN,TE,24,12,1,0,0,0,0,0,0,0,,0,4,3,50,,0,0,0,0,,,,,,,,226,
C.J. Anderson,DET,RB,28,13,3,0,0,0,0,0,83,446,8.7,2,9,5,41,,1,0,0,3,,,66.0,71.7,74.7,69.2,,185,
Geremy Davis,LAC,WR,27,21,1,0,0,0,0,0,0,0,,0,4,3,38,,0,0,0,0,,,,,,,,407,
Mike Glennon,OAK,QB,30,4,0,21,31,230,2,0,2,0,,0,0,0,0,,0,3,1,0,,,15.0,15.2,16.2,15.2,,112,
Colt McCoy,WAS,QB,33,4,3,52,81,494,3,4,12,77,13.3,0,0,0,0,,0,3,0,0,,,31.0,31.5,38.5,35.5,,104,
Steven Mitchell,HOU,WR,25,4,1,0,0,0,0,0,0,0,,0,6,2,37,,0,0,0,0,,,,,,,,382,
Jay Ajayi,PHI,RB,26,7,3,0,0,0,0,0,55,214,7.09,3,7,5,20,,0,1,1,3,,,41.0,46.4,50.4,43.9,,207,
Travis Benjamin,LAC,WR,30,17,5,0,0,0,0,0,7,41,,0,40,18,216,20.5,1,0,0,1,,,32.0,49.7,52.7,40.7,,304,
Cody Core,NYG,WR,25,30,3,0,0,0,0,0,0,0,,0,33,16,188,21.64,1,0,0,1,,,27.0,42.8,45.8,34.8,,318,
Dalyn Dawkins,TEN,RB,25,4,0,0,0,0,0,0,11,26,,0,1,0,0,,0,0,0,0,,,,,,,,285,
Devin Funchess,IND,WR,25,15,13,0,0,0,0,0,0,0,,0,84,47,581,23.15,4,0,0,4,,,82.0,129.1,132.1,105.60000000000001,,237,
Johnny Holton,PIT,WR,28,17,3,0,0,0,0,0,1,9,,0,16,3,21,,0,0,0,0,,,,,,,,418,
Jordan Matthews,2TM,WR,27,17,4,0,0,0,0,0,0,0,,0,40,24,333,23.25,2,0,0,2,,,45.0,69.3,72.3,57.3,,277,
Johnny Mundt,LAR,TE,25,23,2,0,0,0,0,0,0,0,,0,8,5,31,11.5,0,0,0,0,,,4.0,8.1,8.1,5.6,,216,
Andre Roberts,BUF,WR,31,29,1,0,0,0,0,0,3,27,17.0,0,24,13,99,14.57,1,4,1,3,,,29.0,41.6,42.6,35.1,,316,
Da'Mari Scott,NYG,WR,24,8,2,0,0,0,0,0,1,5,,0,3,2,22,,0,0,0,0,,,,,,,,424,
Russell Shepard,NYG,WR,29,15,0,0,0,0,0,0,0,0,,0,27,13,213,27.130000000000003,2,0,0,2,,,34.0,46.3,49.3,39.8,,309,
Anthony Sherman,KAN,RB,31,32,1,0,0,0,0,0,5,11,4.25,0,12,10,118,23.0,1,0,0,1,,,19.0,28.9,28.9,23.9,,221,
Cam Sims,WAS,WR,23,8,1,0,0,0,0,0,0,0,,0,3,2,27,,0,0,0,0,,,,,,,,404,
Ryan Switzer,PIT,WR,25,25,1,0,0,0,0,0,6,21,,0,55,44,280,10.41,1,3,0,1,,,36.0,80.10000000000001,83.10000000000001,58.1,,300,
Josh Bellamy,NYJ,WR,30,23,2,0,0,0,0,0,0,0,,0,28,16,137,18.36,1,0,0,1,,,22.0,37.7,40.7,29.7,,333,
Michael Crabtree,ARI,WR,32,18,17,0,0,0,0,0,0,0,,0,105,58,629,16.740000000000002,3,0,0,3,,,81.0,138.89999999999998,141.89999999999998,109.9,,249,
Tyler Ervin,2TM,RB,26,19,0,0,0,0,0,0,1,10,,0,7,5,46,17.17,0,3,0,0,,,6.0,10.6,10.6,8.1,,258,
Darius Jennings,TEN,WR,27,24,0,1,1,21,0,0,1,2,,0,20,13,118,17.68,0,0,0,1,,,19.0,31.8,34.800000000000004,25.3,,342,
T.J. Logan,TAM,RB,25,22,0,0,0,0,0,0,5,12,4.33,0,10,9,50,11.79,0,0,0,0,,,6.0,15.2,15.2,10.7,,252,
Donte Moncrief,2TM,WR,26,24,16,0,0,0,0,0,0,0,,0,104,52,686,18.42,3,1,1,3,,,85.0,136.60000000000002,140.60000000000002,110.6,,249,
Chris Moore,BAL,WR,26,30,1,0,0,0,0,0,6,17,3.4,0,30,22,217,17.32,1,0,0,1,,,29.0,51.4,54.4,40.4,,316,
Samaje Perine,2TM,RB,24,12,0,0,0,0,0,0,13,48,7.2,0,4,3,5,,0,0,0,0,,,6.0,8.3,8.3,6.800000000000001,,260,
Eric Saubert,CHI,TE,25,18,1,0,0,0,0,0,0,0,,0,12,7,69,20.1,0,0,0,0,,,7.0,13.9,13.9,10.4,,196,
Keith Smith,ATL,RB,27,32,8,0,0,0,0,0,6,8,1.6,0,9,6,36,17.6,0,0,0,0,,,4.0,10.4,10.4,7.4,,265,
Bobo Wilson,TAM,WR,24,11,1,0,0,0,0,0,0,0,,0,16,7,87,24.67,0,3,1,0,,,7.0,13.7,14.7,10.2,,373,
Zach Zenner,3TM,RB,28,13,1,0,0,0,0,0,58,263,4.15,3,13,9,75,17.5,0,0,0,3,,,52.0,60.800000000000004,63.800000000000004,56.300000000000004,,203,
Josh Adams,NYJ,RB,23,17,5,0,0,0,0,0,128,523,5.76,3,13,7,58,,0,1,1,3,,,76.0,83.10000000000001,87.10000000000001,79.60000000000001,,191,
Antony Auclair,TAM,TE,26,24,15,0,0,0,0,0,0,0,,0,11,8,59,17.86,0,0,0,0,,,6.0,13.9,13.9,9.9,,200,
Austin Carr,NOR,WR,26,20,5,0,0,0,0,0,0,0,,0,18,10,106,19.78,2,0,0,2,,,23.0,32.6,32.6,27.599999999999998,,347,
Sean Culkin,LAC,TE,26,17,12,0,0,0,0,0,0,0,,0,3,2,36,36.0,0,0,0,0,,,3.0,5.6,5.6,4.6,,210,
Ryan Grant,OAK,WR,29,16,11,0,0,0,0,0,0,0,,0,61,39,348,13.04,1,0,0,1,,,40.0,79.80000000000001,82.80000000000001,60.3,,307,
Dwayne Harris,OAK,WR,32,18,1,0,0,0,0,0,2,12,,0,7,7,47,13.67,0,2,0,1,,,12.0,18.9,18.9,15.399999999999999,,371,
Chris Herndon,NYJ,TE,23,17,12,0,0,0,0,0,0,0,,0,58,40,509,19.869999999999997,4,2,0,4,,,75.0,114.9,117.9,94.9,,124,
Buddy Howell,HOU,RB,23,31,0,0,0,0,0,0,5,10,,0,0,0,0,,0,0,0,0,,,,,,,,302,
John Kelly,LAR,RB,23,8,0,0,0,0,0,0,30,83,5.74,0,3,2,27,,0,0,0,0,,,11.0,13.0,13.0,12.0,,246,
Ben Koyack,JAX,TE,26,18,8,0,0,0,0,0,0,0,,0,3,1,9,,0,0,0,0,,,,,,,,234,
Chris Manhertz,CAR,TE,27,31,10,0,0,0,0,0,0,0,,0,6,3,63,37.0,1,0,0,1,,,12.0,15.299999999999999,15.299999999999999,13.799999999999999,,179,
Josh McCown,PHI,QB,40,7,3,63,115,563,1,4,7,30,5.4,0,0,0,0,,0,0,0,0,,,22.0,21.6,28.6,25.6,,109,
Ricky Ortiz,NOR,RB,25,13,9,0,0,0,0,0,0,0,,0,5,4,19,11.67,0,0,0,0,,,2.0,5.8999999999999995,5.8999999999999995,3.9000000000000004,,290,
Dalton Schultz,DAL,TE,23,27,7,0,0,0,0,0,0,0,,0,19,13,122,15.67,0,0,0,0,,,13.0,25.200000000000003,28.200000000000003,18.700000000000003,,185,
Scott Simonson,NYG,TE,27,21,5,0,0,0,0,0,0,0,,0,16,11,97,15.06,1,0,0,1,,,16.0,26.700000000000003,26.700000000000003,21.200000000000003,,174,
Tyrone Swoopes,SEA,TE,25,6,3,0,0,0,0,0,0,0,,0,2,2,28,28.0,0,0,0,0,,,3.0,4.8,4.8,3.8,,221,
De'Anthony Thomas,2TM,WR,26,19,0,0,0,0,0,0,3,11,8.5,0,7,4,35,15.67,1,4,0,1,,,11.0,14.6,14.6,12.6,,371,
Jordan Thomas,HOU,TE,23,21,12,0,0,0,0,0,0,0,,0,30,21,223,18.75,4,0,0,4,,,47.0,67.3,70.3,56.8,,136,
Mike Thomas,LAR,WR,25,17,0,0,0,0,0,0,0,0,,0,5,2,14,,0,0,0,0,,,,,,,,424,
Levine Toilolo,SFO,TE,28,29,10,0,0,0,0,0,0,0,,0,26,23,273,17.52,1,0,0,1,,,33.0,56.3,59.3,44.8,,145,
De'Lance Turner,MIA,RB,24,12,0,0,0,0,0,0,5,10,5.5,0,2,2,17,,0,0,0,0,,,3.0,4.699999999999999,4.699999999999999,3.7,,281,
Deante Burton,DAL,,25,6,0,0,0,0,0,0,0,0,,0,0,0,0,,0,0,0,0,,,,,,,,435,
Trenton Cannon,NYJ,,25,20,0,0,0,0,0,0,38,113,,1,25,17,144,,0,0,0,1,,,,,,,,239,
Garrett Celek,SFO,,31,20,2,0,0,0,0,0,0,0,,0,8,5,90,,2,0,0,2,,,,,,,,183,
River Cracraft,DEN,,25,9,0,0,0,0,0,0,0,0,,0,2,1,44,,0,1,1,0,,,,,,,,415,
Jerome Cunningham,WAS,,28,5,1,0,0,0,0,0,0,0,,0,1,0,0,,0,0,0,0,,,,,,,,243,
Darrell Daniels,ARI,TE,25,22,3,0,0,0,0,0,0,0,,0,5,1,4,,0,0,0,0,,,,,,,,245,
James Develin,NWE,RB,31,18,10,0,0,0,0,0,8,11,2.83,4,17,12,61,,0,0,0,4,,,,43.199999999999996,43.199999999999996,37.199999999999996,,237,
Garrett Dickerson,NYG,,24,8,0,0,0,0,0,0,0,0,,0,0,0,0,,0,0,0,0,,,,,,,,259,
Gehrig Dieter,KAN,,26,6,0,0,0,0,0,0,0,0,,0,3,1,22,,0,0,0,0,,,,,,,,415,
Josh Doctson,MIN,,27,16,12,0,0,0,0,0,0,0,,0,78,44,532,,2,0,0,2,,,,,,,,296,
Quinton Dunbar,WAS,,27,18,17,0,0,0,0,0,0,0,,0,0,0,0,,0,0,0,0,,,,,,,,436,
Alex Ellis,PHI,,26,5,0,0,0,0,0,0,0,0,,0,0,0,0,,0,0,0,0,,,,,,,,246,
David Fluellen,TEN,,27,9,0,0,0,0,0,0,4,16,,0,0,0,0,,0,0,0,0,,,,,,,,298,
Garrett Gilbert,CLE,QB,28,6,0,2,6,40,0,0,3,-3,,0,0,0,0,,0,0,0,0,,,,1.3,1.3,1.3,,129,
C.J. Goodwin,DAL,,29,19,0,0,0,0,0,0,0,0,,0,0,0,0,,0,0,0,0,,,,,,,,472,
Xavier Grimble,PIT,TE,27,19,3,0,0,0,0,0,0,0,,0,11,7,89,17.33,0,1,1,0,,,,13.9,14.9,10.4,,205,
Justin Hardee,NOR,,25,32,0,0,0,0,0,0,0,0,,0,2,1,10,,0,0,0,0,,,,,,,,428,
Clark Harris,CIN,,35,32,0,0,0,0,0,0,0,0,,0,0,0,0,,0,0,0,0,,,,,,,,247,
Darvin Kidsy,WAS,,24,5,0,0,0,0,0,0,0,0,,0,2,1,8,,0,0,0,0,,,,,,,,426,
Keith Kirkwood,NOR,,26,9,1,0,0,0,0,0,0,0,,0,21,13,209,,2,0,0,2,,,,,,,,337,
Matt Lengel,IND,,29,12,3,0,0,0,0,0,0,0,,0,8,3,17,,1,0,0,1,,,,,,,,209,
Josh Malone,NYJ,,23,11,0,0,0,0,0,0,0,0,,0,5,1,12,,0,0,0,0,,,,,,,,428,
Jeremy McNichols,JAX,,24,3,0,0,0,0,0,0,4,8,,0,0,0,0,,0,0,0,0,,,,,,,,313,
Jaydon Mickens,TAM,,25,7,0,0,0,0,0,0,0,0,,0,0,0,0,,0,1,0,0,,,,,,,,470,
Alfred Morris,ARI,RB,31,13,1,0,0,0,0,0,112,432,7.859999999999999,2,13,8,73,,0,2,1,2,,,,68.5,72.5,64.5,,213,
Nick Mullens,SFO,QB,24,9,8,176,274,2277,13,10,21,-19,-1.8900000000000001,0,0,0,0,,0,2,0,0,,,,123.2,136.2,133.2,,102,
Jojo Natson,LAR,,25,25,0,0,0,0,0,0,0,0,,0,0,0,0,,0,2,1,0,,,,,,,,481,
Roosevelt Nix,PIT,RB,27,19,0,0,0,0,0,0,1,4,,0,9,6,42,11.5,0,0,0,0,,,,10.6,10.6,7.6,,268,
Jamize Olawale,DAL,,30,32,9,0,0,0,0,0,0,0,,0,6,2,13,,0,0,0,0,,,,,,,,145,
Senorise Perry,BUF,RB,28,27,0,0,0,0,0,0,3,3,,0,1,1,1,,0,0,0,0,,,,,,,,307,
Richard Rodgers,PHI,,27,8,0,0,0,0,0,0,0,0,,0,1,1,7,,0,0,0,0,,,,,,,,248,
Cooper Rush,DAL,,26,3,0,0,0,0,0,0,0,0,,0,0,0,0,,0,0,0,0,,,,,,,,134,
Mason Schreck,CIN,,26,8,0,0,0,0,0,0,0,0,,0,0,0,0,,0,0,0,0,,,,,,,,258,
Matthew Slater,NWE,,34,32,0,0,0,0,0,0,0,0,,0,0,0,0,,0,0,0,0,,,,,,,,449,
Rod Smith,2TM,,27,22,1,0,0,0,0,0,44,127,,1,12,9,60,,0,0,0,1,,,,,,,,248,
Nate Solder,NYG,,31,32,32,0,0,0,0,0,0,0,,0,0,0,0,,0,0,0,0,,,,,,,,259,
Taywan Taylor,CLE,,24,16,6,0,0,0,0,0,0,0,,0,57,37,466,,1,1,1,1,,,,,,,,320,
Eric Tomlinson,3TM,TE,27,23,15,0,0,0,0,0,0,0,,0,15,9,73,10.0,0,0,0,0,,,,16.3,16.3,11.799999999999999,,203,
Robert Turbin,SEA,,30,3,0,0,0,0,0,0,4,10,,0,2,1,3,,0,1,1,0,,,,,,,,324,
Chad Williams,IND,,25,11,7,0,0,0,0,0,1,9,,0,47,17,171,,1,0,0,1,,,,,,,,359,
Blake Bortles,LAR,QB,27,16,12,244,405,2721,13,11,60,356,1.79,1,0,0,0,,0,8,4,1,,,172.0,172.39999999999998,193.39999999999998,183.39999999999998,,97,
Sean Mannion,MIN,QB,27,6,1,14,24,149,0,2,13,-14,-2.12,0,0,0,0,,0,1,1,0,,,,,,,,139,
Quincy Enunwa,NYJ,WR,27,12,11,0,0,0,0,0,1,0,,0,71,39,445,7.82,1,3,2,1,,,47.0,85.5,90.5,66.0,,334,
Ray-Ray McCloud,CAR,,23,16,1,0,0,0,0,0,2,4,,0,6,5,36,,0,5,2,0,,,0.0,5.0,7.0,2.5,,428,
Corey Clement,PHI,,25,15,0,0,0,0,0,0,68,259,,2,25,22,192,,0,6,2,2,,,55.0,77.1,85.1,66.1,,228,
